sample_size,deaths,mortality_rate,mean_followup,hr_per_year,hr_ci_lower,hr_ci_upper,p_value,q5_vs_q1_hr,c_index_age,c_index_phenoage,c_index_improvement
8840,2044,0.23122171945701359,13.363065610859728,1.0811619010674236,1.0746645828085901,1.087698501484832,4.854485164844428e-142,3.5800838503322496,0.8575880669482351,0.8752533693715798,0.02059882023103178
